backend,env,model,size,params,test,t/s
vulkan,baseline,"4f0e43da6","9282","AMD Ryzen AI 9 HX 370 w/ Radeon 890M","AMD Radeon 890M Graphics (RADV GFX1150)","Vulkan","models/gguf/Qwen3-4B-Instruct-2507-Q4_0.gguf","qwen3 4B Q4_0","2363590144","4022468096","2048","512","12","0x0","0","50","f16","f16","99","0","layer","0","0","0","auto","0.00","none","1","0","0","0","0","0","0","512","0","0","2026-05-23T01:53:43Z","855021360","1495131","598.816669","1.046359"
vulkan,baseline,"4f0e43da6","9282","AMD Ryzen AI 9 HX 370 w/ Radeon 890M","AMD Radeon 890M Graphics (RADV GFX1150)","Vulkan","models/gguf/Qwen3-4B-Instruct-2507-Q4_0.gguf","qwen3 4B Q4_0","2363590144","4022468096","2048","512","12","0x0","0","50","f16","f16","99","0","layer","0","0","0","auto","0.00","none","1","0","0","0","0","0","0","0","128","0","2026-05-23T01:53:46Z","3893177469","20287093","32.878624","0.171446"
vulkan,baseline,"4f0e43da6","9282","AMD Ryzen AI 9 HX 370 w/ Radeon 890M","AMD Radeon 890M Graphics (RADV GFX1150)","Vulkan","models/gguf/Qwen3-4B-Instruct-2507-Q4_0.gguf","qwen3 4B Q4_0","2363590144","4022468096","2048","512","12","0x0","0","50","f16","f16","99","0","layer","0","0","1","auto","0.00","none","1","0","0","0","0","0","0","512","0","0","2026-05-23T01:53:58Z","764513911","1834046","669.709150","1.604877"
vulkan,baseline,"4f0e43da6","9282","AMD Ryzen AI 9 HX 370 w/ Radeon 890M","AMD Radeon 890M Graphics (RADV GFX1150)","Vulkan","models/gguf/Qwen3-4B-Instruct-2507-Q4_0.gguf","qwen3 4B Q4_0","2363590144","4022468096","2048","512","12","0x0","0","50","f16","f16","99","0","layer","0","0","1","auto","0.00","none","1","0","0","0","0","0","0","0","128","0","2026-05-23T01:54:01Z","3757664732","12337367","34.063955","0.111967"
vulkan,baseline,"4f0e43da6","9282","AMD Ryzen AI 9 HX 370 w/ Radeon 890M","AMD Radeon 890M Graphics (RADV GFX1150)","Vulkan","models/gguf/Qwen3-4B-Instruct-2507-Q4_K_M.gguf","qwen3 4B Q4_K - Medium","2491323904","4022468096","2048","512","12","0x0","0","50","f16","f16","99","0","layer","0","0","0","auto","0.00","none","1","0","0","0","0","0","0","512","0","0","2026-05-23T01:54:14Z","877024932","2881968","583.796036","1.915023"
vulkan,baseline,"4f0e43da6","9282","AMD Ryzen AI 9 HX 370 w/ Radeon 890M","AMD Radeon 890M Graphics (RADV GFX1150)","Vulkan","models/gguf/Qwen3-4B-Instruct-2507-Q4_K_M.gguf","qwen3 4B Q4_K - Medium","2491323904","4022468096","2048","512","12","0x0","0","50","f16","f16","99","0","layer","0","0","0","auto","0.00","none","1","0","0","0","0","0","0","0","128","0","2026-05-23T01:54:18Z","4037515637","21221521","31.703246","0.166151"
vulkan,baseline,"4f0e43da6","9282","AMD Ryzen AI 9 HX 370 w/ Radeon 890M","AMD Radeon 890M Graphics (RADV GFX1150)","Vulkan","models/gguf/Qwen3-4B-Instruct-2507-Q4_K_M.gguf","qwen3 4B Q4_K - Medium","2491323904","4022468096","2048","512","12","0x0","0","50","f16","f16","99","0","layer","0","0","1","auto","0.00","none","1","0","0","0","0","0","0","512","0","0","2026-05-23T01:54:30Z","792751781","1388776","645.852912","1.130125"
vulkan,baseline,"4f0e43da6","9282","AMD Ryzen AI 9 HX 370 w/ Radeon 890M","AMD Radeon 890M Graphics (RADV GFX1150)","Vulkan","models/gguf/Qwen3-4B-Instruct-2507-Q4_K_M.gguf","qwen3 4B Q4_K - Medium","2491323904","4022468096","2048","512","12","0x0","0","50","f16","f16","99","0","layer","0","0","1","auto","0.00","none","1","0","0","0","0","0","0","0","128","0","2026-05-23T01:54:33Z","3953818195","11169248","32.373942","0.091480"
vulkan,baseline,"4f0e43da6","9282","AMD Ryzen AI 9 HX 370 w/ Radeon 890M","AMD Radeon 890M Graphics (RADV GFX1150)","Vulkan","models/gguf/Qwen3-4B-Instruct-2507-Q5_K_M.gguf","qwen3 4B Q5_K - Medium","2883556864","4022468096","2048","512","12","0x0","0","50","f16","f16","99","0","layer","0","0","0","auto","0.00","none","1","0","0","0","0","0","0","512","0","0","2026-05-23T01:54:49Z","862258509","1753070","593.791078","1.206283"
vulkan,baseline,"4f0e43da6","9282","AMD Ryzen AI 9 HX 370 w/ Radeon 890M","AMD Radeon 890M Graphics (RADV GFX1150)","Vulkan","models/gguf/Qwen3-4B-Instruct-2507-Q5_K_M.gguf","qwen3 4B Q5_K - Medium","2883556864","4022468096","2048","512","12","0x0","0","50","f16","f16","99","0","layer","0","0","0","auto","0.00","none","1","0","0","0","0","0","0","0","128","0","2026-05-23T01:54:53Z","4558278884","11560439","28.080895","0.071171"
vulkan,baseline,"4f0e43da6","9282","AMD Ryzen AI 9 HX 370 w/ Radeon 890M","AMD Radeon 890M Graphics (RADV GFX1150)","Vulkan","models/gguf/Qwen3-4B-Instruct-2507-Q5_K_M.gguf","qwen3 4B Q5_K - Medium","2883556864","4022468096","2048","512","12","0x0","0","50","f16","f16","99","0","layer","0","0","1","auto","0.00","none","1","0","0","0","0","0","0","512","0","0","2026-05-23T01:55:07Z","779534102","227918","656.802605","0.192003"
vulkan,baseline,"4f0e43da6","9282","AMD Ryzen AI 9 HX 370 w/ Radeon 890M","AMD Radeon 890M Graphics (RADV GFX1150)","Vulkan","models/gguf/Qwen3-4B-Instruct-2507-Q5_K_M.gguf","qwen3 4B Q5_K - Medium","2883556864","4022468096","2048","512","12","0x0","0","50","f16","f16","99","0","layer","0","0","1","auto","0.00","none","1","0","0","0","0","0","0","0","128","0","2026-05-23T01:55:10Z","4506575866","10966419","28.403051","0.069175"
vulkan,baseline,"4f0e43da6","9282","AMD Ryzen AI 9 HX 370 w/ Radeon 890M","AMD Radeon 890M Graphics (RADV GFX1150)","Vulkan","models/gguf/Qwen3-4B-Instruct-2507-Q6_K.gguf","qwen3 4B Q6_K","3300304384","4022468096","2048","512","12","0x0","0","50","f16","f16","99","0","layer","0","0","0","auto","0.00","none","1","0","0","0","0","0","0","512","0","0","2026-05-23T01:55:25Z","994240906","520416","514.965829","0.268479"
vulkan,baseline,"4f0e43da6","9282","AMD Ryzen AI 9 HX 370 w/ Radeon 890M","AMD Radeon 890M Graphics (RADV GFX1150)","Vulkan","models/gguf/Qwen3-4B-Instruct-2507-Q6_K.gguf","qwen3 4B Q6_K","3300304384","4022468096","2048","512","12","0x0","0","50","f16","f16","99","0","layer","0","0","0","auto","0.00","none","1","0","0","0","0","0","0","0","128","0","2026-05-23T01:55:29Z","5426480974","13341767","23.588126","0.058076"
vulkan,baseline,"4f0e43da6","9282","AMD Ryzen AI 9 HX 370 w/ Radeon 890M","AMD Radeon 890M Graphics (RADV GFX1150)","Vulkan","models/gguf/Qwen3-4B-Instruct-2507-Q6_K.gguf","qwen3 4B Q6_K","3300304384","4022468096","2048","512","12","0x0","0","50","f16","f16","99","0","layer","0","0","1","auto","0.00","none","1","0","0","0","0","0","0","512","0","0","2026-05-23T01:55:46Z","915063565","2381423","559.526495","1.454679"
vulkan,baseline,"4f0e43da6","9282","AMD Ryzen AI 9 HX 370 w/ Radeon 890M","AMD Radeon 890M Graphics (RADV GFX1150)","Vulkan","models/gguf/Qwen3-4B-Instruct-2507-Q6_K.gguf","qwen3 4B Q6_K","3300304384","4022468096","2048","512","12","0x0","0","50","f16","f16","99","0","layer","0","0","1","auto","0.00","none","1","0","0","0","0","0","0","0","128","0","2026-05-23T01:55:50Z","5348962612","11823645","23.929952","0.052964"
vulkan,baseline,"4f0e43da6","9282","AMD Ryzen AI 9 HX 370 w/ Radeon 890M","AMD Radeon 890M Graphics (RADV GFX1150)","Vulkan","models/gguf/Qwen3-4B-Instruct-2507-Q8_0.gguf","qwen3 4B Q8_0","4274448384","4022468096","2048","512","12","0x0","0","50","f16","f16","99","0","layer","0","0","0","auto","0.00","none","1","0","0","0","0","0","0","512","0","0","2026-05-23T01:56:14Z","1027800993","7983137","498.170960","3.872191"
vulkan,baseline,"4f0e43da6","9282","AMD Ryzen AI 9 HX 370 w/ Radeon 890M","AMD Radeon 890M Graphics (RADV GFX1150)","Vulkan","models/gguf/Qwen3-4B-Instruct-2507-Q8_0.gguf","qwen3 4B Q8_0","4274448384","4022468096","2048","512","12","0x0","0","50","f16","f16","99","0","layer","0","0","0","auto","0.00","none","1","0","0","0","0","0","0","0","128","0","2026-05-23T01:56:19Z","6662013816","13650754","19.213463","0.039412"
vulkan,baseline,"4f0e43da6","9282","AMD Ryzen AI 9 HX 370 w/ Radeon 890M","AMD Radeon 890M Graphics (RADV GFX1150)","Vulkan","models/gguf/Qwen3-4B-Instruct-2507-Q8_0.gguf","qwen3 4B Q8_0","4274448384","4022468096","2048","512","12","0x0","0","50","f16","f16","99","0","layer","0","0","1","auto","0.00","none","1","0","0","0","0","0","0","512","0","0","2026-05-23T01:56:39Z","886714528","3544270","577.418592","2.308784"
vulkan,baseline,"4f0e43da6","9282","AMD Ryzen AI 9 HX 370 w/ Radeon 890M","AMD Radeon 890M Graphics (RADV GFX1150)","Vulkan","models/gguf/Qwen3-4B-Instruct-2507-Q8_0.gguf","qwen3 4B Q8_0","4274448384","4022468096","2048","512","12","0x0","0","50","f16","f16","99","0","layer","0","0","1","auto","0.00","none","1","0","0","0","0","0","0","0","128","0","2026-05-23T01:56:42Z","6525188517","7202028","19.616307","0.021639"
vulkan,baseline,"4f0e43da6","9282","AMD Ryzen AI 9 HX 370 w/ Radeon 890M","AMD Radeon 890M Graphics (RADV GFX1150)","Vulkan","models/gguf/Qwen3-4B-Instruct-2507-F16.gguf","qwen3 4B F16","8045328384","4022468096","2048","512","12","0x0","0","50","f16","f16","99","0","layer","0","0","0","auto","0.00","none","1","0","0","0","0","0","0","512","0","0","2026-05-23T01:57:14Z","1425733124","5750008","359.117392","1.450799"
vulkan,baseline,"4f0e43da6","9282","AMD Ryzen AI 9 HX 370 w/ Radeon 890M","AMD Radeon 890M Graphics (RADV GFX1150)","Vulkan","models/gguf/Qwen3-4B-Instruct-2507-F16.gguf","qwen3 4B F16","8045328384","4022468096","2048","512","12","0x0","0","50","f16","f16","99","0","layer","0","0","0","auto","0.00","none","1","0","0","0","0","0","0","0","128","0","2026-05-23T01:57:20Z","13246135813","32446196","9.663234","0.023685"
vulkan,baseline,"4f0e43da6","9282","AMD Ryzen AI 9 HX 370 w/ Radeon 890M","AMD Radeon 890M Graphics (RADV GFX1150)","Vulkan","models/gguf/Qwen3-4B-Instruct-2507-F16.gguf","qwen3 4B F16","8045328384","4022468096","2048","512","12","0x0","0","50","f16","f16","99","0","layer","0","0","1","auto","0.00","none","1","0","0","0","0","0","0","512","0","0","2026-05-23T01:58:00Z","1277043549","737648","400.926119","0.231658"
vulkan,baseline,"4f0e43da6","9282","AMD Ryzen AI 9 HX 370 w/ Radeon 890M","AMD Radeon 890M Graphics (RADV GFX1150)","Vulkan","models/gguf/Qwen3-4B-Instruct-2507-F16.gguf","qwen3 4B F16","8045328384","4022468096","2048","512","12","0x0","0","50","f16","f16","99","0","layer","0","0","1","auto","0.00","none","1","0","0","0","0","0","0","0","128","0","2026-05-23T01:58:05Z","13141929774","12831403","9.739824","0.009511"
vulkan,baseline,"4f0e43da6","9282","AMD Ryzen AI 9 HX 370 w/ Radeon 890M","AMD Radeon 890M Graphics (RADV GFX1150)","Vulkan","models/gguf/Qwen2.5-Coder-14B-Instruct-Q4_0.gguf","qwen2 14B Q4_0","8511758336","14770033664","2048","512","12","0x0","0","50","f16","f16","99","0","layer","0","0","0","auto","0.00","none","1","0","0","0","0","0","0","512","0","0","2026-05-23T01:59:01Z","2961409971","8870367","172.891653","0.518111"
vulkan,baseline,"4f0e43da6","9282","AMD Ryzen AI 9 HX 370 w/ Radeon 890M","AMD Radeon 890M Graphics (RADV GFX1150)","Vulkan","models/gguf/Qwen2.5-Coder-14B-Instruct-Q4_0.gguf","qwen2 14B Q4_0","8511758336","14770033664","2048","512","12","0x0","0","50","f16","f16","99","0","layer","0","0","0","auto","0.00","none","1","0","0","0","0","0","0","0","128","0","2026-05-23T01:59:13Z","12871245762","38361505","9.944706","0.029678"
vulkan,baseline,"4f0e43da6","9282","AMD Ryzen AI 9 HX 370 w/ Radeon 890M","AMD Radeon 890M Graphics (RADV GFX1150)","Vulkan","models/gguf/Qwen2.5-Coder-14B-Instruct-Q4_0.gguf","qwen2 14B Q4_0","8511758336","14770033664","2048","512","12","0x0","0","50","f16","f16","99","0","layer","0","0","1","auto","0.00","none","1","0","0","0","0","0","0","512","0","0","2026-05-23T01:59:52Z","2780191944","7796892","184.160912","0.516464"
vulkan,baseline,"4f0e43da6","9282","AMD Ryzen AI 9 HX 370 w/ Radeon 890M","AMD Radeon 890M Graphics (RADV GFX1150)","Vulkan","models/gguf/Qwen2.5-Coder-14B-Instruct-Q4_0.gguf","qwen2 14B Q4_0","8511758336","14770033664","2048","512","12","0x0","0","50","f16","f16","99","0","layer","0","0","1","auto","0.00","none","1","0","0","0","0","0","0","0","128","0","2026-05-23T02:00:03Z","12716083391","46377721","10.066082","0.036789"
vulkan,baseline,"4f0e43da6","9282","AMD Ryzen AI 9 HX 370 w/ Radeon 890M","AMD Radeon 890M Graphics (RADV GFX1150)","Vulkan","models/gguf/Qwen2.5-Coder-14B-Instruct-Q4_K_M.gguf","qwen2 14B Q4_K - Medium","8982142976","14770033664","2048","512","12","0x0","0","50","f16","f16","99","0","layer","0","0","0","auto","0.00","none","1","0","0","0","0","0","0","512","0","0","2026-05-23T02:00:53Z","3216841026","3928285","159.162515","0.194449"
vulkan,baseline,"4f0e43da6","9282","AMD Ryzen AI 9 HX 370 w/ Radeon 890M","AMD Radeon 890M Graphics (RADV GFX1150)","Vulkan","models/gguf/Qwen2.5-Coder-14B-Instruct-Q4_K_M.gguf","qwen2 14B Q4_K - Medium","8982142976","14770033664","2048","512","12","0x0","0","50","f16","f16","99","0","layer","0","0","0","auto","0.00","none","1","0","0","0","0","0","0","0","128","0","2026-05-23T02:01:06Z","14101602271","17080516","9.076992","0.010992"
vulkan,baseline,"4f0e43da6","9282","AMD Ryzen AI 9 HX 370 w/ Radeon 890M","AMD Radeon 890M Graphics (RADV GFX1150)","Vulkan","models/gguf/Qwen2.5-Coder-14B-Instruct-Q4_K_M.gguf","qwen2 14B Q4_K - Medium","8982142976","14770033664","2048","512","12","0x0","0","50","f16","f16","99","0","layer","0","0","1","auto","0.00","none","1","0","0","0","0","0","0","512","0","0","2026-05-23T02:01:49Z","2953010798","2180282","173.382429","0.127921"
vulkan,baseline,"4f0e43da6","9282","AMD Ryzen AI 9 HX 370 w/ Radeon 890M","AMD Radeon 890M Graphics (RADV GFX1150)","Vulkan","models/gguf/Qwen2.5-Coder-14B-Instruct-Q4_K_M.gguf","qwen2 14B Q4_K - Medium","8982142976","14770033664","2048","512","12","0x0","0","50","f16","f16","99","0","layer","0","0","1","auto","0.00","none","1","0","0","0","0","0","0","0","128","0","2026-05-23T02:02:01Z","13757421663","6527755","9.304070","0.004414"
rocm,baseline,"4f0e43da6","9282","AMD Ryzen AI 9 HX 370 w/ Radeon 890M","AMD Radeon 890M Graphics","ROCm","models/gguf/Qwen3-4B-Instruct-2507-Q4_0.gguf","qwen3 4B Q4_0","2363590144","4022468096","2048","512","12","0x0","0","50","f16","f16","99","0","layer","0","0","0","auto","0.00","none","1","0","0","0","0","0","0","512","0","0","2026-05-23T02:02:48Z","736924230","67885648","698.532276","61.103579"
rocm,baseline,"4f0e43da6","9282","AMD Ryzen AI 9 HX 370 w/ Radeon 890M","AMD Radeon 890M Graphics","ROCm","models/gguf/Qwen3-4B-Instruct-2507-Q4_0.gguf","qwen3 4B Q4_0","2363590144","4022468096","2048","512","12","0x0","0","50","f16","f16","99","0","layer","0","0","0","auto","0.00","none","1","0","0","0","0","0","0","0","128","0","2026-05-23T02:02:51Z","5697927076","61619253","22.466054","0.241887"
rocm,baseline,"4f0e43da6","9282","AMD Ryzen AI 9 HX 370 w/ Radeon 890M","AMD Radeon 890M Graphics","ROCm","models/gguf/Qwen3-4B-Instruct-2507-Q4_0.gguf","qwen3 4B Q4_0","2363590144","4022468096","2048","512","12","0x0","0","50","f16","f16","99","0","layer","0","0","1","auto","0.00","none","1","0","0","0","0","0","0","512","0","0","2026-05-23T02:03:09Z","621076237","68453266","830.701250","86.091764"
rocm,baseline,"4f0e43da6","9282","AMD Ryzen AI 9 HX 370 w/ Radeon 890M","AMD Radeon 890M Graphics","ROCm","models/gguf/Qwen3-4B-Instruct-2507-Q4_0.gguf","qwen3 4B Q4_0","2363590144","4022468096","2048","512","12","0x0","0","50","f16","f16","99","0","layer","0","0","1","auto","0.00","none","1","0","0","0","0","0","0","0","128","0","2026-05-23T02:03:11Z","5177126511","34150119","24.724855","0.162559"
rocm,baseline,"4f0e43da6","9282","AMD Ryzen AI 9 HX 370 w/ Radeon 890M","AMD Radeon 890M Graphics","ROCm","models/gguf/Qwen3-4B-Instruct-2507-Q4_K_M.gguf","qwen3 4B Q4_K - Medium","2491323904","4022468096","2048","512","12","0x0","0","50","f16","f16","99","0","layer","0","0","0","auto","0.00","none","1","0","0","0","0","0","0","512","0","0","2026-05-23T02:03:31Z","1101582131","271684748","481.910126","104.165709"
rocm,baseline,"4f0e43da6","9282","AMD Ryzen AI 9 HX 370 w/ Radeon 890M","AMD Radeon 890M Graphics","ROCm","models/gguf/Qwen3-4B-Instruct-2507-Q4_K_M.gguf","qwen3 4B Q4_K - Medium","2491323904","4022468096","2048","512","12","0x0","0","50","f16","f16","99","0","layer","0","0","0","auto","0.00","none","1","0","0","0","0","0","0","0","128","0","2026-05-23T02:03:35Z","6449246850","21982629","19.847432","0.067518"
rocm,baseline,"4f0e43da6","9282","AMD Ryzen AI 9 HX 370 w/ Radeon 890M","AMD Radeon 890M Graphics","ROCm","models/gguf/Qwen3-4B-Instruct-2507-Q4_K_M.gguf","qwen3 4B Q4_K - Medium","2491323904","4022468096","2048","512","12","0x0","0","50","f16","f16","99","0","layer","0","0","1","auto","0.00","none","1","0","0","0","0","0","0","512","0","0","2026-05-23T02:03:55Z","764268760","45056070","671.425981","38.282456"
rocm,baseline,"4f0e43da6","9282","AMD Ryzen AI 9 HX 370 w/ Radeon 890M","AMD Radeon 890M Graphics","ROCm","models/gguf/Qwen3-4B-Instruct-2507-Q4_K_M.gguf","qwen3 4B Q4_K - Medium","2491323904","4022468096","2048","512","12","0x0","0","50","f16","f16","99","0","layer","0","0","1","auto","0.00","none","1","0","0","0","0","0","0","0","128","0","2026-05-23T02:03:58Z","5857349703","70562384","21.855016","0.265125"
rocm,baseline,"4f0e43da6","9282","AMD Ryzen AI 9 HX 370 w/ Radeon 890M","AMD Radeon 890M Graphics","ROCm","models/gguf/Qwen3-4B-Instruct-2507-Q5_K_M.gguf","qwen3 4B Q5_K - Medium","2883556864","4022468096","2048","512","12","0x0","0","50","f16","f16","99","0","layer","0","0","0","auto","0.00","none","1","0","0","0","0","0","0","512","0","0","2026-05-23T02:04:21Z","843110543","51746988","608.751592","36.085821"
rocm,baseline,"4f0e43da6","9282","AMD Ryzen AI 9 HX 370 w/ Radeon 890M","AMD Radeon 890M Graphics","ROCm","models/gguf/Qwen3-4B-Instruct-2507-Q5_K_M.gguf","qwen3 4B Q5_K - Medium","2883556864","4022468096","2048","512","12","0x0","0","50","f16","f16","99","0","layer","0","0","0","auto","0.00","none","1","0","0","0","0","0","0","0","128","0","2026-05-23T02:04:24Z","7231463352","39758153","17.700784","0.097044"
rocm,baseline,"4f0e43da6","9282","AMD Ryzen AI 9 HX 370 w/ Radeon 890M","AMD Radeon 890M Graphics","ROCm","models/gguf/Qwen3-4B-Instruct-2507-Q5_K_M.gguf","qwen3 4B Q5_K - Medium","2883556864","4022468096","2048","512","12","0x0","0","50","f16","f16","99","0","layer","0","0","1","auto","0.00","none","1","0","0","0","0","0","0","512","0","0","2026-05-23T02:04:46Z","723561572","45380991","709.406223","42.939239"
rocm,baseline,"4f0e43da6","9282","AMD Ryzen AI 9 HX 370 w/ Radeon 890M","AMD Radeon 890M Graphics","ROCm","models/gguf/Qwen3-4B-Instruct-2507-Q5_K_M.gguf","qwen3 4B Q5_K - Medium","2883556864","4022468096","2048","512","12","0x0","0","50","f16","f16","99","0","layer","0","0","1","auto","0.00","none","1","0","0","0","0","0","0","0","128","0","2026-05-23T02:04:49Z","6584931217","38048054","19.438752","0.112258"
rocm,baseline,"4f0e43da6","9282","AMD Ryzen AI 9 HX 370 w/ Radeon 890M","AMD Radeon 890M Graphics","ROCm","models/gguf/Qwen3-4B-Instruct-2507-Q6_K.gguf","qwen3 4B Q6_K","3300304384","4022468096","2048","512","12","0x0","0","50","f16","f16","99","0","layer","0","0","0","auto","0.00","none","1","0","0","0","0","0","0","512","0","0","2026-05-23T02:05:19Z","1325799181","92488345","387.390342","25.978384"
rocm,baseline,"4f0e43da6","9282","AMD Ryzen AI 9 HX 370 w/ Radeon 890M","AMD Radeon 890M Graphics","ROCm","models/gguf/Qwen3-4B-Instruct-2507-Q6_K.gguf","qwen3 4B Q6_K","3300304384","4022468096","2048","512","12","0x0","0","50","f16","f16","99","0","layer","0","0","0","auto","0.00","none","1","0","0","0","0","0","0","0","128","0","2026-05-23T02:05:25Z","7477246819","73064808","17.119688","0.166958"
rocm,baseline,"4f0e43da6","9282","AMD Ryzen AI 9 HX 370 w/ Radeon 890M","AMD Radeon 890M Graphics","ROCm","models/gguf/Qwen3-4B-Instruct-2507-Q6_K.gguf","qwen3 4B Q6_K","3300304384","4022468096","2048","512","12","0x0","0","50","f16","f16","99","0","layer","0","0","1","auto","0.00","none","1","0","0","0","0","0","0","512","0","0","2026-05-23T02:05:48Z","1165421354","167336695","444.973987","59.002666"
rocm,baseline,"4f0e43da6","9282","AMD Ryzen AI 9 HX 370 w/ Radeon 890M","AMD Radeon 890M Graphics","ROCm","models/gguf/Qwen3-4B-Instruct-2507-Q6_K.gguf","qwen3 4B Q6_K","3300304384","4022468096","2048","512","12","0x0","0","50","f16","f16","99","0","layer","0","0","1","auto","0.00","none","1","0","0","0","0","0","0","0","128","0","2026-05-23T02:05:52Z","6905447771","30403101","18.536329","0.081405"
rocm,baseline,"4f0e43da6","9282","AMD Ryzen AI 9 HX 370 w/ Radeon 890M","AMD Radeon 890M Graphics","ROCm","models/gguf/Qwen3-4B-Instruct-2507-Q8_0.gguf","qwen3 4B Q8_0","4274448384","4022468096","2048","512","12","0x0","0","50","f16","f16","99","0","layer","0","0","0","auto","0.00","none","1","0","0","0","0","0","0","512","0","0","2026-05-23T02:06:20Z","796054270","51148955","644.886577","40.024280"
rocm,baseline,"4f0e43da6","9282","AMD Ryzen AI 9 HX 370 w/ Radeon 890M","AMD Radeon 890M Graphics","ROCm","models/gguf/Qwen3-4B-Instruct-2507-Q8_0.gguf","qwen3 4B Q8_0","4274448384","4022468096","2048","512","12","0x0","0","50","f16","f16","99","0","layer","0","0","0","auto","0.00","none","1","0","0","0","0","0","0","0","128","0","2026-05-23T02:06:23Z","9091787287","21919229","14.078694","0.033901"
rocm,baseline,"4f0e43da6","9282","AMD Ryzen AI 9 HX 370 w/ Radeon 890M","AMD Radeon 890M Graphics","ROCm","models/gguf/Qwen3-4B-Instruct-2507-Q8_0.gguf","qwen3 4B Q8_0","4274448384","4022468096","2048","512","12","0x0","0","50","f16","f16","99","0","layer","0","0","1","auto","0.00","none","1","0","0","0","0","0","0","512","0","0","2026-05-23T02:06:51Z","670870040","33922572","764.454245","37.561402"
rocm,baseline,"4f0e43da6","9282","AMD Ryzen AI 9 HX 370 w/ Radeon 890M","AMD Radeon 890M Graphics","ROCm","models/gguf/Qwen3-4B-Instruct-2507-Q8_0.gguf","qwen3 4B Q8_0","4274448384","4022468096","2048","512","12","0x0","0","50","f16","f16","99","0","layer","0","0","1","auto","0.00","none","1","0","0","0","0","0","0","0","128","0","2026-05-23T02:06:53Z","8610241534","13074343","14.866040","0.022579"
rocm,baseline,"4f0e43da6","9282","AMD Ryzen AI 9 HX 370 w/ Radeon 890M","AMD Radeon 890M Graphics","ROCm","models/gguf/Qwen3-4B-Instruct-2507-F16.gguf","qwen3 4B F16","8045328384","4022468096","2048","512","12","0x0","0","50","f16","f16","99","0","layer","0","0","0","auto","0.00","none","1","0","0","0","0","0","0","512","0","0","2026-05-23T02:07:35Z","1086071123","70486225","472.703614","29.574997"
rocm,baseline,"4f0e43da6","9282","AMD Ryzen AI 9 HX 370 w/ Radeon 890M","AMD Radeon 890M Graphics","ROCm","models/gguf/Qwen3-4B-Instruct-2507-F16.gguf","qwen3 4B F16","8045328384","4022468096","2048","512","12","0x0","0","50","f16","f16","99","0","layer","0","0","0","auto","0.00","none","1","0","0","0","0","0","0","0","128","0","2026-05-23T02:07:40Z","15012820370","57450663","8.526129","0.032592"
rocm,baseline,"4f0e43da6","9282","AMD Ryzen AI 9 HX 370 w/ Radeon 890M","AMD Radeon 890M Graphics","ROCm","models/gguf/Qwen3-4B-Instruct-2507-F16.gguf","qwen3 4B F16","8045328384","4022468096","2048","512","12","0x0","0","50","f16","f16","99","0","layer","0","0","1","auto","0.00","none","1","0","0","0","0","0","0","512","0","0","2026-05-23T02:08:25Z","950059522","50083148","539.884652","27.631018"
rocm,baseline,"4f0e43da6","9282","AMD Ryzen AI 9 HX 370 w/ Radeon 890M","AMD Radeon 890M Graphics","ROCm","models/gguf/Qwen3-4B-Instruct-2507-F16.gguf","qwen3 4B F16","8045328384","4022468096","2048","512","12","0x0","0","50","f16","f16","99","0","layer","0","0","1","auto","0.00","none","1","0","0","0","0","0","0","0","128","0","2026-05-23T02:08:29Z","14375474081","54885034","8.904141","0.033972"
rocm,baseline,"4f0e43da6","9282","AMD Ryzen AI 9 HX 370 w/ Radeon 890M","AMD Radeon 890M Graphics","ROCm","models/gguf/Qwen2.5-Coder-14B-Instruct-Q4_0.gguf","qwen2 14B Q4_0","8511758336","14770033664","2048","512","12","0x0","0","50","f16","f16","99","0","layer","0","0","0","auto","0.00","none","1","0","0","0","0","0","0","512","0","0","2026-05-23T02:09:27Z","2101455579","78755040","243.864215","8.948366"
rocm,baseline,"4f0e43da6","9282","AMD Ryzen AI 9 HX 370 w/ Radeon 890M","AMD Radeon 890M Graphics","ROCm","models/gguf/Qwen2.5-Coder-14B-Instruct-Q4_0.gguf","qwen2 14B Q4_0","8511758336","14770033664","2048","512","12","0x0","0","50","f16","f16","99","0","layer","0","0","0","auto","0.00","none","1","0","0","0","0","0","0","0","128","0","2026-05-23T02:09:35Z","16104045294","24669180","7.948326","0.012165"
rocm,baseline,"4f0e43da6","9282","AMD Ryzen AI 9 HX 370 w/ Radeon 890M","AMD Radeon 890M Graphics","ROCm","models/gguf/Qwen2.5-Coder-14B-Instruct-Q4_0.gguf","qwen2 14B Q4_0","8511758336","14770033664","2048","512","12","0x0","0","50","f16","f16","99","0","layer","0","0","1","auto","0.00","none","1","0","0","0","0","0","0","512","0","0","2026-05-23T02:10:24Z","1903651259","57824181","269.119517","8.034033"
rocm,baseline,"4f0e43da6","9282","AMD Ryzen AI 9 HX 370 w/ Radeon 890M","AMD Radeon 890M Graphics","ROCm","models/gguf/Qwen2.5-Coder-14B-Instruct-Q4_0.gguf","qwen2 14B Q4_0","8511758336","14770033664","2048","512","12","0x0","0","50","f16","f16","99","0","layer","0","0","1","auto","0.00","none","1","0","0","0","0","0","0","0","128","0","2026-05-23T02:10:32Z","15462665916","68374982","8.278111","0.036530"
rocm,baseline,"4f0e43da6","9282","AMD Ryzen AI 9 HX 370 w/ Radeon 890M","AMD Radeon 890M Graphics","ROCm","models/gguf/Qwen2.5-Coder-14B-Instruct-Q4_K_M.gguf","qwen2 14B Q4_K - Medium","8982142976","14770033664","2048","512","12","0x0","0","50","f16","f16","99","0","layer","0","0","0","auto","0.00","none","1","0","0","0","0","0","0","512","0","0","2026-05-23T02:11:32Z","2563319497","101908302","199.947613","7.795992"
rocm,baseline,"4f0e43da6","9282","AMD Ryzen AI 9 HX 370 w/ Radeon 890M","AMD Radeon 890M Graphics","ROCm","models/gguf/Qwen2.5-Coder-14B-Instruct-Q4_K_M.gguf","qwen2 14B Q4_K - Medium","8982142976","14770033664","2048","512","12","0x0","0","50","f16","f16","99","0","layer","0","0","0","auto","0.00","none","1","0","0","0","0","0","0","0","128","0","2026-05-23T02:11:42Z","18166041379","70908109","7.046186","0.027450"
rocm,baseline,"4f0e43da6","9282","AMD Ryzen AI 9 HX 370 w/ Radeon 890M","AMD Radeon 890M Graphics","ROCm","models/gguf/Qwen2.5-Coder-14B-Instruct-Q4_K_M.gguf","qwen2 14B Q4_K - Medium","8982142976","14770033664","2048","512","12","0x0","0","50","f16","f16","99","0","layer","0","0","1","auto","0.00","none","1","0","0","0","0","0","0","512","0","0","2026-05-23T02:12:37Z","2414826478","65814301","212.126980","5.694433"
rocm,baseline,"4f0e43da6","9282","AMD Ryzen AI 9 HX 370 w/ Radeon 890M","AMD Radeon 890M Graphics","ROCm","models/gguf/Qwen2.5-Coder-14B-Instruct-Q4_K_M.gguf","qwen2 14B Q4_K - Medium","8982142976","14770033664","2048","512","12","0x0","0","50","f16","f16","99","0","layer","0","0","1","auto","0.00","none","1","0","0","0","0","0","0","0","128","0","2026-05-23T02:12:47Z","17241091320","13662309","7.424127","0.005881"
vulkan,nogttspill,"4f0e43da6","9282","AMD Ryzen AI 9 HX 370 w/ Radeon 890M","AMD Radeon 890M Graphics (RADV GFX1150)","Vulkan","models/gguf/Qwen3-4B-Instruct-2507-Q4_0.gguf","qwen3 4B Q4_0","2363590144","4022468096","2048","512","12","0x0","0","50","f16","f16","99","0","layer","0","0","0","auto","0.00","none","1","0","0","0","0","0","0","512","0","0","2026-05-23T02:13:45Z","855625729","1667236","598.393994","1.166918"
vulkan,nogttspill,"4f0e43da6","9282","AMD Ryzen AI 9 HX 370 w/ Radeon 890M","AMD Radeon 890M Graphics (RADV GFX1150)","Vulkan","models/gguf/Qwen3-4B-Instruct-2507-Q4_0.gguf","qwen3 4B Q4_0","2363590144","4022468096","2048","512","12","0x0","0","50","f16","f16","99","0","layer","0","0","0","auto","0.00","none","1","0","0","0","0","0","0","0","128","0","2026-05-23T02:13:49Z","3893035776","60095865","32.884406","0.503432"
vulkan,nogttspill,"4f0e43da6","9282","AMD Ryzen AI 9 HX 370 w/ Radeon 890M","AMD Radeon 890M Graphics (RADV GFX1150)","Vulkan","models/gguf/Qwen3-4B-Instruct-2507-Q4_0.gguf","qwen3 4B Q4_0","2363590144","4022468096","2048","512","12","0x0","0","50","f16","f16","99","0","layer","0","0","1","auto","0.00","none","1","0","0","0","0","0","0","512","0","0","2026-05-23T02:14:00Z","762948648","1111905","671.081503","0.978096"
vulkan,nogttspill,"4f0e43da6","9282","AMD Ryzen AI 9 HX 370 w/ Radeon 890M","AMD Radeon 890M Graphics (RADV GFX1150)","Vulkan","models/gguf/Qwen3-4B-Instruct-2507-Q4_0.gguf","qwen3 4B Q4_0","2363590144","4022468096","2048","512","12","0x0","0","50","f16","f16","99","0","layer","0","0","1","auto","0.00","none","1","0","0","0","0","0","0","0","128","0","2026-05-23T02:14:03Z","3766938587","10476927","33.980023","0.094355"
vulkan,nogttspill,"4f0e43da6","9282","AMD Ryzen AI 9 HX 370 w/ Radeon 890M","AMD Radeon 890M Graphics (RADV GFX1150)","Vulkan","models/gguf/Qwen3-4B-Instruct-2507-Q4_K_M.gguf","qwen3 4B Q4_K - Medium","2491323904","4022468096","2048","512","12","0x0","0","50","f16","f16","99","0","layer","0","0","0","auto","0.00","none","1","0","0","0","0","0","0","512","0","0","2026-05-23T02:14:19Z","878780201","4239707","582.634796","2.803439"
vulkan,nogttspill,"4f0e43da6","9282","AMD Ryzen AI 9 HX 370 w/ Radeon 890M","AMD Radeon 890M Graphics (RADV GFX1150)","Vulkan","models/gguf/Qwen3-4B-Instruct-2507-Q4_K_M.gguf","qwen3 4B Q4_K - Medium","2491323904","4022468096","2048","512","12","0x0","0","50","f16","f16","99","0","layer","0","0","0","auto","0.00","none","1","0","0","0","0","0","0","0","128","0","2026-05-23T02:14:22Z","4026068992","8058132","31.792883","0.063575"
vulkan,nogttspill,"4f0e43da6","9282","AMD Ryzen AI 9 HX 370 w/ Radeon 890M","AMD Radeon 890M Graphics (RADV GFX1150)","Vulkan","models/gguf/Qwen3-4B-Instruct-2507-Q4_K_M.gguf","qwen3 4B Q4_K - Medium","2491323904","4022468096","2048","512","12","0x0","0","50","f16","f16","99","0","layer","0","0","1","auto","0.00","none","1","0","0","0","0","0","0","512","0","0","2026-05-23T02:14:34Z","794196712","307781","644.676619","0.249812"
vulkan,nogttspill,"4f0e43da6","9282","AMD Ryzen AI 9 HX 370 w/ Radeon 890M","AMD Radeon 890M Graphics (RADV GFX1150)","Vulkan","models/gguf/Qwen3-4B-Instruct-2507-Q4_K_M.gguf","qwen3 4B Q4_K - Medium","2491323904","4022468096","2048","512","12","0x0","0","50","f16","f16","99","0","layer","0","0","1","auto","0.00","none","1","0","0","0","0","0","0","0","128","0","2026-05-23T02:14:38Z","3949210801","8821056","32.411647","0.072309"
vulkan,nogttspill,"4f0e43da6","9282","AMD Ryzen AI 9 HX 370 w/ Radeon 890M","AMD Radeon 890M Graphics (RADV GFX1150)","Vulkan","models/gguf/Qwen3-4B-Instruct-2507-Q5_K_M.gguf","qwen3 4B Q5_K - Medium","2883556864","4022468096","2048","512","12","0x0","0","50","f16","f16","99","0","layer","0","0","0","auto","0.00","none","1","0","0","0","0","0","0","512","0","0","2026-05-23T02:14:54Z","863033397","180059","593.256316","0.120426"
vulkan,nogttspill,"4f0e43da6","9282","AMD Ryzen AI 9 HX 370 w/ Radeon 890M","AMD Radeon 890M Graphics (RADV GFX1150)","Vulkan","models/gguf/Qwen3-4B-Instruct-2507-Q5_K_M.gguf","qwen3 4B Q5_K - Medium","2883556864","4022468096","2048","512","12","0x0","0","50","f16","f16","99","0","layer","0","0","0","auto","0.00","none","1","0","0","0","0","0","0","0","128","0","2026-05-23T02:14:57Z","4547744533","12446933","28.145961","0.076949"
vulkan,nogttspill,"4f0e43da6","9282","AMD Ryzen AI 9 HX 370 w/ Radeon 890M","AMD Radeon 890M Graphics (RADV GFX1150)","Vulkan","models/gguf/Qwen3-4B-Instruct-2507-Q5_K_M.gguf","qwen3 4B Q5_K - Medium","2883556864","4022468096","2048","512","12","0x0","0","50","f16","f16","99","0","layer","0","0","1","auto","0.00","none","1","0","0","0","0","0","0","512","0","0","2026-05-23T02:15:11Z","782280870","1326321","654.497638","1.109835"
vulkan,nogttspill,"4f0e43da6","9282","AMD Ryzen AI 9 HX 370 w/ Radeon 890M","AMD Radeon 890M Graphics (RADV GFX1150)","Vulkan","models/gguf/Qwen3-4B-Instruct-2507-Q5_K_M.gguf","qwen3 4B Q5_K - Medium","2883556864","4022468096","2048","512","12","0x0","0","50","f16","f16","99","0","layer","0","0","1","auto","0.00","none","1","0","0","0","0","0","0","0","128","0","2026-05-23T02:15:14Z","4440836416","12811710","28.823559","0.083024"
vulkan,nogttspill,"4f0e43da6","9282","AMD Ryzen AI 9 HX 370 w/ Radeon 890M","AMD Radeon 890M Graphics (RADV GFX1150)","Vulkan","models/gguf/Qwen3-4B-Instruct-2507-Q6_K.gguf","qwen3 4B Q6_K","3300304384","4022468096","2048","512","12","0x0","0","50","f16","f16","99","0","layer","0","0","0","auto","0.00","none","1","0","0","0","0","0","0","512","0","0","2026-05-23T02:15:32Z","918804489","4108666","557.253272","2.485486"
vulkan,nogttspill,"4f0e43da6","9282","AMD Ryzen AI 9 HX 370 w/ Radeon 890M","AMD Radeon 890M Graphics (RADV GFX1150)","Vulkan","models/gguf/Qwen3-4B-Instruct-2507-Q6_K.gguf","qwen3 4B Q6_K","3300304384","4022468096","2048","512","12","0x0","0","50","f16","f16","99","0","layer","0","0","0","auto","0.00","none","1","0","0","0","0","0","0","0","128","0","2026-05-23T02:15:36Z","5180408899","15389781","24.708620","0.073527"
vulkan,nogttspill,"4f0e43da6","9282","AMD Ryzen AI 9 HX 370 w/ Radeon 890M","AMD Radeon 890M Graphics (RADV GFX1150)","Vulkan","models/gguf/Qwen3-4B-Instruct-2507-Q6_K.gguf","qwen3 4B Q6_K","3300304384","4022468096","2048","512","12","0x0","0","50","f16","f16","99","0","layer","0","0","1","auto","0.00","none","1","0","0","0","0","0","0","512","0","0","2026-05-23T02:15:52Z","836737329","2358650","611.903750","1.723237"
vulkan,nogttspill,"4f0e43da6","9282","AMD Ryzen AI 9 HX 370 w/ Radeon 890M","AMD Radeon 890M Graphics (RADV GFX1150)","Vulkan","models/gguf/Qwen3-4B-Instruct-2507-Q6_K.gguf","qwen3 4B Q6_K","3300304384","4022468096","2048","512","12","0x0","0","50","f16","f16","99","0","layer","0","0","1","auto","0.00","none","1","0","0","0","0","0","0","0","128","0","2026-05-23T02:15:55Z","5087577750","15370466","25.159474","0.076142"
vulkan,nogttspill,"4f0e43da6","9282","AMD Ryzen AI 9 HX 370 w/ Radeon 890M","AMD Radeon 890M Graphics (RADV GFX1150)","Vulkan","models/gguf/Qwen3-4B-Instruct-2507-Q8_0.gguf","qwen3 4B Q8_0","4274448384","4022468096","2048","512","12","0x0","0","50","f16","f16","99","0","layer","0","0","0","auto","0.00","none","1","0","0","0","0","0","0","512","0","0","2026-05-23T02:16:18Z","906711658","46049868","565.623659","27.934588"
vulkan,nogttspill,"4f0e43da6","9282","AMD Ryzen AI 9 HX 370 w/ Radeon 890M","AMD Radeon 890M Graphics (RADV GFX1150)","Vulkan","models/gguf/Qwen3-4B-Instruct-2507-Q8_0.gguf","qwen3 4B Q8_0","4274448384","4022468096","2048","512","12","0x0","0","50","f16","f16","99","0","layer","0","0","0","auto","0.00","none","1","0","0","0","0","0","0","0","128","0","2026-05-23T02:16:21Z","7235529286","268646196","17.706423","0.644020"
vulkan,nogttspill,"4f0e43da6","9282","AMD Ryzen AI 9 HX 370 w/ Radeon 890M","AMD Radeon 890M Graphics (RADV GFX1150)","Vulkan","models/gguf/Qwen3-4B-Instruct-2507-Q8_0.gguf","qwen3 4B Q8_0","4274448384","4022468096","2048","512","12","0x0","0","50","f16","f16","99","0","layer","0","0","1","auto","0.00","none","1","0","0","0","0","0","0","512","0","0","2026-05-23T02:16:43Z","829740113","52879809","618.694138","38.459430"
vulkan,nogttspill,"4f0e43da6","9282","AMD Ryzen AI 9 HX 370 w/ Radeon 890M","AMD Radeon 890M Graphics (RADV GFX1150)","Vulkan","models/gguf/Qwen3-4B-Instruct-2507-Q8_0.gguf","qwen3 4B Q8_0","4274448384","4022468096","2048","512","12","0x0","0","50","f16","f16","99","0","layer","0","0","1","auto","0.00","none","1","0","0","0","0","0","0","0","128","0","2026-05-23T02:16:47Z","7264153198","228919944","17.632298","0.548584"
vulkan,nogttspill,"4f0e43da6","9282","AMD Ryzen AI 9 HX 370 w/ Radeon 890M","AMD Radeon 890M Graphics (RADV GFX1150)","Vulkan","models/gguf/Qwen3-4B-Instruct-2507-F16.gguf","qwen3 4B F16","8045328384","4022468096","2048","512","12","0x0","0","50","f16","f16","99","0","layer","0","0","0","auto","0.00","none","1","0","0","0","0","0","0","512","0","0","2026-05-23T02:17:29Z","1346306369","59034888","380.790438","16.789931"
vulkan,nogttspill,"4f0e43da6","9282","AMD Ryzen AI 9 HX 370 w/ Radeon 890M","AMD Radeon 890M Graphics (RADV GFX1150)","Vulkan","models/gguf/Qwen3-4B-Instruct-2507-F16.gguf","qwen3 4B F16","8045328384","4022468096","2048","512","12","0x0","0","50","f16","f16","99","0","layer","0","0","0","auto","0.00","none","1","0","0","0","0","0","0","0","128","0","2026-05-23T02:17:35Z","13324428957","39185310","9.606471","0.028270"
vulkan,nogttspill,"4f0e43da6","9282","AMD Ryzen AI 9 HX 370 w/ Radeon 890M","AMD Radeon 890M Graphics (RADV GFX1150)","Vulkan","models/gguf/Qwen3-4B-Instruct-2507-F16.gguf","qwen3 4B F16","8045328384","4022468096","2048","512","12","0x0","0","50","f16","f16","99","0","layer","0","0","1","auto","0.00","none","1","0","0","0","0","0","0","512","0","0","2026-05-23T02:18:15Z","1315316663","74047941","390.066928","21.510097"
vulkan,nogttspill,"4f0e43da6","9282","AMD Ryzen AI 9 HX 370 w/ Radeon 890M","AMD Radeon 890M Graphics (RADV GFX1150)","Vulkan","models/gguf/Qwen3-4B-Instruct-2507-F16.gguf","qwen3 4B F16","8045328384","4022468096","2048","512","12","0x0","0","50","f16","f16","99","0","layer","0","0","1","auto","0.00","none","1","0","0","0","0","0","0","0","128","0","2026-05-23T02:18:20Z","13150633418","31482620","9.733409","0.023274"
vulkan,nogttspill,"4f0e43da6","9282","AMD Ryzen AI 9 HX 370 w/ Radeon 890M","AMD Radeon 890M Graphics (RADV GFX1150)","Vulkan","models/gguf/Qwen2.5-Coder-14B-Instruct-Q4_0.gguf","qwen2 14B Q4_0","8511758336","14770033664","2048","512","12","0x0","0","50","f16","f16","99","0","layer","0","0","0","auto","0.00","none","1","0","0","0","0","0","0","512","0","0","2026-05-23T02:19:13Z","2771188745","59090915","184.813645","3.896420"
vulkan,nogttspill,"4f0e43da6","9282","AMD Ryzen AI 9 HX 370 w/ Radeon 890M","AMD Radeon 890M Graphics (RADV GFX1150)","Vulkan","models/gguf/Qwen2.5-Coder-14B-Instruct-Q4_0.gguf","qwen2 14B Q4_0","8511758336","14770033664","2048","512","12","0x0","0","50","f16","f16","99","0","layer","0","0","0","auto","0.00","none","1","0","0","0","0","0","0","0","128","0","2026-05-23T02:19:24Z","12661925323","10135435","10.109051","0.008090"
vulkan,nogttspill,"4f0e43da6","9282","AMD Ryzen AI 9 HX 370 w/ Radeon 890M","AMD Radeon 890M Graphics (RADV GFX1150)","Vulkan","models/gguf/Qwen2.5-Coder-14B-Instruct-Q4_0.gguf","qwen2 14B Q4_0","8511758336","14770033664","2048","512","12","0x0","0","50","f16","f16","99","0","layer","0","0","1","auto","0.00","none","1","0","0","0","0","0","0","512","0","0","2026-05-23T02:20:02Z","2608055946","4260180","196.315156","0.320862"
vulkan,nogttspill,"4f0e43da6","9282","AMD Ryzen AI 9 HX 370 w/ Radeon 890M","AMD Radeon 890M Graphics (RADV GFX1150)","Vulkan","models/gguf/Qwen2.5-Coder-14B-Instruct-Q4_0.gguf","qwen2 14B Q4_0","8511758336","14770033664","2048","512","12","0x0","0","50","f16","f16","99","0","layer","0","0","1","auto","0.00","none","1","0","0","0","0","0","0","0","128","0","2026-05-23T02:20:13Z","12465464583","14593732","10.268379","0.012018"
vulkan,nogttspill,"4f0e43da6","9282","AMD Ryzen AI 9 HX 370 w/ Radeon 890M","AMD Radeon 890M Graphics (RADV GFX1150)","Vulkan","models/gguf/Qwen2.5-Coder-14B-Instruct-Q4_K_M.gguf","qwen2 14B Q4_K - Medium","8982142976","14770033664","2048","512","12","0x0","0","50","f16","f16","99","0","layer","0","0","0","auto","0.00","none","1","0","0","0","0","0","0","512","0","0","2026-05-23T02:21:06Z","2877551645","490895","177.929043","0.030175"
vulkan,nogttspill,"4f0e43da6","9282","AMD Ryzen AI 9 HX 370 w/ Radeon 890M","AMD Radeon 890M Graphics (RADV GFX1150)","Vulkan","models/gguf/Qwen2.5-Coder-14B-Instruct-Q4_K_M.gguf","qwen2 14B Q4_K - Medium","8982142976","14770033664","2048","512","12","0x0","0","50","f16","f16","99","0","layer","0","0","0","auto","0.00","none","1","0","0","0","0","0","0","0","128","0","2026-05-23T02:21:18Z","15712916704","1380276791","8.186262","0.684725"
vulkan,nogttspill,"4f0e43da6","9282","AMD Ryzen AI 9 HX 370 w/ Radeon 890M","AMD Radeon 890M Graphics (RADV GFX1150)","Vulkan","models/gguf/Qwen2.5-Coder-14B-Instruct-Q4_K_M.gguf","qwen2 14B Q4_K - Medium","8982142976","14770033664","2048","512","12","0x0","0","50","f16","f16","99","0","layer","0","0","1","auto","0.00","none","1","0","0","0","0","0","0","512","0","0","2026-05-23T02:22:05Z","2908562125","126908263","176.250202","7.501416"
vulkan,nogttspill,"4f0e43da6","9282","AMD Ryzen AI 9 HX 370 w/ Radeon 890M","AMD Radeon 890M Graphics (RADV GFX1150)","Vulkan","models/gguf/Qwen2.5-Coder-14B-Instruct-Q4_K_M.gguf","qwen2 14B Q4_K - Medium","8982142976","14770033664","2048","512","12","0x0","0","50","f16","f16","99","0","layer","0","0","1","auto","0.00","none","1","0","0","0","0","0","0","0","128","0","2026-05-23T02:22:17Z","15508634572","517551697","8.259499","0.271151"
vulkan,nogttspill+bf16,"4f0e43da6","9282","AMD Ryzen AI 9 HX 370 w/ Radeon 890M","AMD Radeon 890M Graphics (RADV GFX1150)","Vulkan","models/gguf/Qwen3-4B-Instruct-2507-Q4_0.gguf","qwen3 4B Q4_0","2363590144","4022468096","2048","512","12","0x0","0","50","f16","f16","99","0","layer","0","0","0","auto","0.00","none","1","0","0","0","0","0","0","512","0","0","2026-05-23T02:23:08Z","845800136","862872","605.344375","0.617513"
vulkan,nogttspill+bf16,"4f0e43da6","9282","AMD Ryzen AI 9 HX 370 w/ Radeon 890M","AMD Radeon 890M Graphics (RADV GFX1150)","Vulkan","models/gguf/Qwen3-4B-Instruct-2507-Q4_0.gguf","qwen3 4B Q4_0","2363590144","4022468096","2048","512","12","0x0","0","50","f16","f16","99","0","layer","0","0","0","auto","0.00","none","1","0","0","0","0","0","0","0","128","0","2026-05-23T02:23:12Z","3848376820","10472766","33.260940","0.090558"
vulkan,nogttspill+bf16,"4f0e43da6","9282","AMD Ryzen AI 9 HX 370 w/ Radeon 890M","AMD Radeon 890M Graphics (RADV GFX1150)","Vulkan","models/gguf/Qwen3-4B-Instruct-2507-Q4_0.gguf","qwen3 4B Q4_0","2363590144","4022468096","2048","512","12","0x0","0","50","f16","f16","99","0","layer","0","0","1","auto","0.00","none","1","0","0","0","0","0","0","512","0","0","2026-05-23T02:23:23Z","763392000","417282","670.690945","0.366568"
vulkan,nogttspill+bf16,"4f0e43da6","9282","AMD Ryzen AI 9 HX 370 w/ Radeon 890M","AMD Radeon 890M Graphics (RADV GFX1150)","Vulkan","models/gguf/Qwen3-4B-Instruct-2507-Q4_0.gguf","qwen3 4B Q4_0","2363590144","4022468096","2048","512","12","0x0","0","50","f16","f16","99","0","layer","0","0","1","auto","0.00","none","1","0","0","0","0","0","0","0","128","0","2026-05-23T02:23:26Z","3744681499","17739912","34.182325","0.162251"
vulkan,nogttspill+bf16,"4f0e43da6","9282","AMD Ryzen AI 9 HX 370 w/ Radeon 890M","AMD Radeon 890M Graphics (RADV GFX1150)","Vulkan","models/gguf/Qwen3-4B-Instruct-2507-Q4_K_M.gguf","qwen3 4B Q4_K - Medium","2491323904","4022468096","2048","512","12","0x0","0","50","f16","f16","99","0","layer","0","0","0","auto","0.00","none","1","0","0","0","0","0","0","512","0","0","2026-05-23T02:23:42Z","873723821","132046","585.997538","0.088558"
vulkan,nogttspill+bf16,"4f0e43da6","9282","AMD Ryzen AI 9 HX 370 w/ Radeon 890M","AMD Radeon 890M Graphics (RADV GFX1150)","Vulkan","models/gguf/Qwen3-4B-Instruct-2507-Q4_K_M.gguf","qwen3 4B Q4_K - Medium","2491323904","4022468096","2048","512","12","0x0","0","50","f16","f16","99","0","layer","0","0","0","auto","0.00","none","1","0","0","0","0","0","0","0","128","0","2026-05-23T02:23:45Z","4020251301","5466449","31.838845","0.043258"
vulkan,nogttspill+bf16,"4f0e43da6","9282","AMD Ryzen AI 9 HX 370 w/ Radeon 890M","AMD Radeon 890M Graphics (RADV GFX1150)","Vulkan","models/gguf/Qwen3-4B-Instruct-2507-Q4_K_M.gguf","qwen3 4B Q4_K - Medium","2491323904","4022468096","2048","512","12","0x0","0","50","f16","f16","99","0","layer","0","0","1","auto","0.00","none","1","0","0","0","0","0","0","512","0","0","2026-05-23T02:23:57Z","791339287","243658","647.004439","0.196578"
vulkan,nogttspill+bf16,"4f0e43da6","9282","AMD Ryzen AI 9 HX 370 w/ Radeon 890M","AMD Radeon 890M Graphics (RADV GFX1150)","Vulkan","models/gguf/Qwen3-4B-Instruct-2507-Q4_K_M.gguf","qwen3 4B Q4_K - Medium","2491323904","4022468096","2048","512","12","0x0","0","50","f16","f16","99","0","layer","0","0","1","auto","0.00","none","1","0","0","0","0","0","0","0","128","0","2026-05-23T02:24:00Z","3962455665","21859596","32.303858","0.178669"
vulkan,nogttspill+bf16,"4f0e43da6","9282","AMD Ryzen AI 9 HX 370 w/ Radeon 890M","AMD Radeon 890M Graphics (RADV GFX1150)","Vulkan","models/gguf/Qwen3-4B-Instruct-2507-Q5_K_M.gguf","qwen3 4B Q5_K - Medium","2883556864","4022468096","2048","512","12","0x0","0","50","f16","f16","99","0","layer","0","0","0","auto","0.00","none","1","0","0","0","0","0","0","512","0","0","2026-05-23T02:24:17Z","862956593","755667","593.309403","0.518987"
vulkan,nogttspill+bf16,"4f0e43da6","9282","AMD Ryzen AI 9 HX 370 w/ Radeon 890M","AMD Radeon 890M Graphics (RADV GFX1150)","Vulkan","models/gguf/Qwen3-4B-Instruct-2507-Q5_K_M.gguf","qwen3 4B Q5_K - Medium","2883556864","4022468096","2048","512","12","0x0","0","50","f16","f16","99","0","layer","0","0","0","auto","0.00","none","1","0","0","0","0","0","0","0","128","0","2026-05-23T02:24:20Z","4524435984","8243314","28.290882","0.051522"
vulkan,nogttspill+bf16,"4f0e43da6","9282","AMD Ryzen AI 9 HX 370 w/ Radeon 890M","AMD Radeon 890M Graphics (RADV GFX1150)","Vulkan","models/gguf/Qwen3-4B-Instruct-2507-Q5_K_M.gguf","qwen3 4B Q5_K - Medium","2883556864","4022468096","2048","512","12","0x0","0","50","f16","f16","99","0","layer","0","0","1","auto","0.00","none","1","0","0","0","0","0","0","512","0","0","2026-05-23T02:24:34Z","779608093","264761","656.740283","0.223068"
vulkan,nogttspill+bf16,"4f0e43da6","9282","AMD Ryzen AI 9 HX 370 w/ Radeon 890M","AMD Radeon 890M Graphics (RADV GFX1150)","Vulkan","models/gguf/Qwen3-4B-Instruct-2507-Q5_K_M.gguf","qwen3 4B Q5_K - Medium","2883556864","4022468096","2048","512","12","0x0","0","50","f16","f16","99","0","layer","0","0","1","auto","0.00","none","1","0","0","0","0","0","0","0","128","0","2026-05-23T02:24:37Z","4448476466","6025194","28.773931","0.038945"
vulkan,nogttspill+bf16,"4f0e43da6","9282","AMD Ryzen AI 9 HX 370 w/ Radeon 890M","AMD Radeon 890M Graphics (RADV GFX1150)","Vulkan","models/gguf/Qwen3-4B-Instruct-2507-Q6_K.gguf","qwen3 4B Q6_K","3300304384","4022468096","2048","512","12","0x0","0","50","f16","f16","99","0","layer","0","0","0","auto","0.00","none","1","0","0","0","0","0","0","512","0","0","2026-05-23T02:24:57Z","918540584","1368436","557.406790","0.830968"
vulkan,nogttspill+bf16,"4f0e43da6","9282","AMD Ryzen AI 9 HX 370 w/ Radeon 890M","AMD Radeon 890M Graphics (RADV GFX1150)","Vulkan","models/gguf/Qwen3-4B-Instruct-2507-Q6_K.gguf","qwen3 4B Q6_K","3300304384","4022468096","2048","512","12","0x0","0","50","f16","f16","99","0","layer","0","0","0","auto","0.00","none","1","0","0","0","0","0","0","0","128","0","2026-05-23T02:25:01Z","5174396499","3636079","24.737192","0.017376"
vulkan,nogttspill+bf16,"4f0e43da6","9282","AMD Ryzen AI 9 HX 370 w/ Radeon 890M","AMD Radeon 890M Graphics (RADV GFX1150)","Vulkan","models/gguf/Qwen3-4B-Instruct-2507-Q6_K.gguf","qwen3 4B Q6_K","3300304384","4022468096","2048","512","12","0x0","0","50","f16","f16","99","0","layer","0","0","1","auto","0.00","none","1","0","0","0","0","0","0","512","0","0","2026-05-23T02:25:16Z","834278709","1902439","613.705910","1.399016"
vulkan,nogttspill+bf16,"4f0e43da6","9282","AMD Ryzen AI 9 HX 370 w/ Radeon 890M","AMD Radeon 890M Graphics (RADV GFX1150)","Vulkan","models/gguf/Qwen3-4B-Instruct-2507-Q6_K.gguf","qwen3 4B Q6_K","3300304384","4022468096","2048","512","12","0x0","0","50","f16","f16","99","0","layer","0","0","1","auto","0.00","none","1","0","0","0","0","0","0","0","128","0","2026-05-23T02:25:20Z","5085108209","4971464","25.171555","0.024603"
vulkan,nogttspill+bf16,"4f0e43da6","9282","AMD Ryzen AI 9 HX 370 w/ Radeon 890M","AMD Radeon 890M Graphics (RADV GFX1150)","Vulkan","models/gguf/Qwen3-4B-Instruct-2507-Q8_0.gguf","qwen3 4B Q8_0","4274448384","4022468096","2048","512","12","0x0","0","50","f16","f16","99","0","layer","0","0","0","auto","0.00","none","1","0","0","0","0","0","0","512","0","0","2026-05-23T02:25:42Z","865426024","736291","591.616420","0.502722"
vulkan,nogttspill+bf16,"4f0e43da6","9282","AMD Ryzen AI 9 HX 370 w/ Radeon 890M","AMD Radeon 890M Graphics (RADV GFX1150)","Vulkan","models/gguf/Qwen3-4B-Instruct-2507-Q8_0.gguf","qwen3 4B Q8_0","4274448384","4022468096","2048","512","12","0x0","0","50","f16","f16","99","0","layer","0","0","0","auto","0.00","none","1","0","0","0","0","0","0","0","128","0","2026-05-23T02:25:45Z","6727566544","2493553","19.026198","0.007051"
vulkan,nogttspill+bf16,"4f0e43da6","9282","AMD Ryzen AI 9 HX 370 w/ Radeon 890M","AMD Radeon 890M Graphics (RADV GFX1150)","Vulkan","models/gguf/Qwen3-4B-Instruct-2507-Q8_0.gguf","qwen3 4B Q8_0","4274448384","4022468096","2048","512","12","0x0","0","50","f16","f16","99","0","layer","0","0","1","auto","0.00","none","1","0","0","0","0","0","0","512","0","0","2026-05-23T02:26:06Z","784007671","699159","653.055180","0.582024"
vulkan,nogttspill+bf16,"4f0e43da6","9282","AMD Ryzen AI 9 HX 370 w/ Radeon 890M","AMD Radeon 890M Graphics (RADV GFX1150)","Vulkan","models/gguf/Qwen3-4B-Instruct-2507-Q8_0.gguf","qwen3 4B Q8_0","4274448384","4022468096","2048","512","12","0x0","0","50","f16","f16","99","0","layer","0","0","1","auto","0.00","none","1","0","0","0","0","0","0","0","128","0","2026-05-23T02:26:09Z","6662923081","24965882","19.210967","0.072004"
